Layout_ID,Inductance,Max_Temp
5,0.5075705783109489,338.619305953098
8,0.5628419069479024,336.5701458579897
9,0.3820116521563218,340.2054254426465
