Layout_ID,Inductance,Max_Temp
0,10.36517959418445,344.0162953505422
