Layout_ID,Inductance,Max_Temp
6,1.1339726033320305,362.47647792870083
7,1.748778599199437,360.74683493473844
8,1.8384464941374106,354.76763185712656
9,0.8980238086488649,362.7816375663451
