Layout_ID,Inductance,Max_Temp
0,1.4283567269208166,345.373672304505
