Layout_ID,Inductance,Max_Temperature
0,41.787520237887,395.692945824212
1,52.73887132475118,380.7484486579515
2,54.400669479788114,376.2308940255997
3,51.915417057737216,368.35211507778087
4,65.2171069665202,355.1149572208818
