Layout_ID,Inductance,Max_Temperature
0,41.787520237887,395.692945824212
3,51.915417057737216,368.35211507778087
4,65.2171069665202,355.1149572208818
