Layout_ID,Inductance,Max_Temperature
0,16.32301083963403,463.5598051138094
6,17.872964114862366,410.5755369947813
8,22.984194769344565,391.2734980241596
9,25.28355552636853,377.5610382423981
