Layout_ID,Inductance,Max_Temp
0,4.087385417497439,324.8423952261669
1,4.206369652952939,323.07234273735514
2,3.5177221296886168,321.0569351635505
3,4.119757532922329,319.9680647953658
4,4.463611787472369,318.719724468473
5,4.29530543515269,320.4133328056532
6,4.759815052060696,317.215668988155
7,4.711575188809542,318.54140453178127
8,5.052469161418073,318.8890034890878
9,4.890608584293616,319.7213195636899
