Layout_ID,Inductance,Max_Temperature
4,21.388206195594865,423.1980252456486
8,23.820405629526853,403.63016280557224
9,14.784833338371062,429.57844269321686
