Layout_ID,Inductance,Max_Temp
6,0.5356184539320337,362.34553557624935
8,0.7771472209200012,354.6675317571287
9,0.413919035147385,362.6474847483566
