Layout_ID,Inductance,Max_Temp
2,3.5515903015785724,526.2162579555807
