Layout_ID,Inductance,Temperature
0,7.935268678127665,434.6332961461096
6,8.170753630204752,391.96024191342644
8,19.270895658084992,378.37119068971595
9,8.31529093704271,383.960930954314
